user_utterances,intend,entity,processed_utterances,bot_responses
hello!,greeting,None,hello,hi
hello,greeting,None,hello,hi
Hello!,greeting,None,hello,hi
Hello,greeting,None,hello,hi
hello!,greeting,None,hello,hi
hello!,greeting,None,hello,hi
hello!,greeting,None,hello,hi
hello!,greeting,None,hello,hi
Hello how are you?,greeting,None,hello how you,I am fine!
Can you play music?,play_music,None,play music,Yes I can play music
What time is it?,query_time,None,what time,It is your time now!
Tell me a joke.,request_joke,None,tell joke,I will let you know in a second
Order a pizza,order_food,pizza,order pizza,Sorry I cannot do that
Goodbye,farewell,None,goodbye,Ok bye
Thank you,appreciation,None,thank you,Welcome but for what?
Welcome,acknowledge,None,welcome,Welcome
What is your name?,greeting_name,Name,name,My name is Panni AI your personal assistant
What can you do?,greeting_self_feature,None,can do,I can do many things
Good Morning,greeting,None,good morning,Good morning! How can I assist you?
See you later,farewell,None,see you later,Goodbye! Talk to you soon.
What is the weather like today?,weather,today,weather today,The weather is currently [weather status].
Set a 5-minute timer.,set_timer,time:5 minutes,set 5 minute timer,Timer set for 5 minutes.
Tell me about the latest news.,news,None,latest news,Here are the top headlines for today.
What is the capital of France?,general_knowledge,France,capital france,The capital of France is Paris.
How are you doing?,smalltalk,None,how you doing,I’m just a bunch of code but I’m doing great!
Bye,farewell,None,bye,Goodbye! Have a great day.
Hi!,greeting,None,hi,Hello! How can I help you today?
What's up?,smalltalk,None,whats up,Not much just here to assist you!
Help me out.,help_request,None,help out,Sure! What do you need help with?
I'm bored.,request_joke,None,bored,How about I tell you a joke?
Can you set an alarm?,set_alarm,None,set alarm,I can’t set an alarm but I can remind you of things.
Tell me a fun fact.,fun_fact,None,fun fact,Did you know that honey never spoils?
Play a game with me.,play_game,None,play game,I can suggest some online games if you like.
Can you translate something?,translate_request,None,translate something,What would you like me to translate?
Remind me to take my medicine.,set_reminder,medicine,remind take medicine,I will remind you to take your medicine.
Can you read me a story?,request_story,None,read story,Once upon a time…
Turn on the lights.,control_device,lights,turn lights on,Sorry I can’t control devices.
Open the browser.,open_browser,None,open browser,Opening the browser for you.
Tell me something interesting.,smalltalk_2,None,something interesting,Did you know that the Eiffel Tower can be 15 cm taller during the summer?
Call my friend.,call_request,friend,call friend,I can’t make calls but I can remind you to do so.
Sing a song.,request_music,None,sing song,Sorry I’m a bit shy for that!
What's the weather tomorrow?,weather_1,tomorrow,weather tomorrow,The weather tomorrow is expected to be [forecast].
Send an email.,email_request,None,send email,I’m unable to send emails but I can help you draft one.
Can you cook?,general_knowledge,cook,cook,No but I can help you find a recipe!
What's your favorite color?,smalltalk_favorites,color,favorite color,I don’t have a favorite color but I think blue is calming.
Who is the President of the USA?,general_knowledge,USA,president usa,The current President of the USA is Joe Biden.
Can you drive a car?,smalltalk_ability,car,drive car,I can’t drive but I can give you driving directions.
How old are you?,smalltalk_age,None,how old,I do not age like humans do!
What's the meaning of life?,philosophy,None,meaning life,The meaning of life is a deep question what do you think?
Show me a picture of a cat.,request_image,cat,picture cat,Here is a cute picture of a cat [image link].
What does AI stand for?,general_knowledge,AI,AI stand for,AI stands for Artificial Intelligence.
Can you swim?,smalltalk_ability,swim,swim,I cannot swim but I can help you learn.
How far is the moon?,general_knowledge,moon,how far moon,The moon is about 384400 km away from Earth.
Tell me a riddle.,request_riddle,None,tell riddle,What has keys but can’t open locks? A piano.
Turn off the music.,control_device,music,turn music off,I cant turn off the music but I can suggest a quieter playlist.
Do you like pizza?,smalltalk_favorites,pizza,like pizza, I think pizza is a popular choice among humans!
What's the time in Tokyo?,query_time,Tokyo,time Tokyo,The current time in Tokyo is [time].
What does this word mean?,define_word,word,this word mean,Please tell me the word youd like to define.
How tall is the Eiffel Tower?,general_knowledge,Eiffel Tower,tall Eiffel Tower,The Eiffel Tower is about 300 meters tall.
What do you think about robots?,opinion_robots,None,think robots,Robots are fascinating and helpful in many ways!
How do you say hello in Spanish?,translate_request,hello,hello in Spanish,Hello in Spanish is Hola.
Tell me a motivational quote.,request_quote,None,motivational quote,Here is one: The only way to do great work is to love what you do.– Steve Jobs.
Can you teach me something?,help_request_teach,None,teach me,Of course! What would you like to learn about?
What's the population of India?,general_knowledge,India,population India,Indias population is over 1.4 billion.
Can you be my friend?,smalltalk_relationship,None,be my friend,I am here to assist you anytime you need me!
Give me a random number.,random_number,None,random number,Here is a random number: [number].
What's the weather in New York?,weather_2,New York,weather New York,The weather in New York is [weather status].
Do you like dogs?,smalltalk_favorites,dogs,like dogs,I think dogs are great companions!
How fast is the speed of light?,general_knowledge,speed of light,speed light,The speed of light is about 299792 km per second.
Who invented the telephone?,general_knowledge,telephone,invented telephone,The telephone was invented by Alexander Graham Bell.
Can you recommend a book?,recommendation,book,recommend book,How about reading To Kill a Mockingbird by Harper Lee?
What should I eat for dinner?,recommendation_food,dinner,eat dinner,How about a healthy salad or some grilled chicken?
Are you real?,smalltalk_existence,None,are you real,I am as real as the code that created me!
What's your purpose?,smalltalk_purpose,None,your purpose,My purpose is to assist you in any way I can.
How long is a day on Mars?,general_knowledge,Mars,day Mars,A day on Mars is about 24.6 hours.
Who is your creator?,smalltalk_creator,None,who created you,I was created by a team of talented developers at Panni Academy.
What's the square root of 64?,math_question,64,square root 64,The square root of 64 is 8.
Can you solve this math problem?,math_request,problem,solve math problem,Please tell me the math problem you need help with.
What's the tallest mountain in the world?,general_knowledge,mountain,tallest mountain,The tallest mountain in the world is Mount Everest.
Tell me the latest sports news.,sports_news,None,latest sports news,Here are the latest sports headlines: [headlines].
Can you speak French?,language_ability,French,speak French,I can translate to French if you’ld like!
How do I bake a cake?,help_request_cooking,cake,bake cake,Here is a simple recipe for baking a cake: [recipe link].
How long will it take to get to the airport?,query_travel_time,airport,get airport,It depends on your current location. Can you tell me where you are?
What’s the best movie of all time?,recommendation_movie,movie,best movie,Many consider The Godfather to be one of the best movies of all time.
Who is the richest person in the world?,general_knowledge,richest person,richest person world,The richest person in the world is [name].
Can you give me directions to the nearest gas station?,directions_request,gas station,directions gas station,I can give you general directions but I recommend using a map app for the best results.
What is your gender?,smalltalk_gender,None,your gender,I do not have a gender I am just an AI.
Can you send a text message?,message_request,None,send text message,I cant send messages but I can help you draft one.
What is 10 multiplied by 20?,math_question,multiplication,10 multiplied by 20,10 multiplied by 20 is 200.
Can you help me study?,help_request_study,None,help study,Id be happy to help! What subject are you studying?
What's your favorite animal?,smalltalk_favorites,animal,favorite animal,I think dolphins are pretty amazing!
How do I fix a flat tire?,help_request_fix,flat tire,fix flat tire,Here is a step-by-step guide to fixing a flat tire: [guide link].
What is your favorite food?,smalltalk_favorites,food,favorite food,I don’t eat but I hear pizza is quite popular
Do you like cats or dogs?,smalltalk_favorites,pets,cats or dogs,I like both cats and dogs equally
What's the time?,query_time,None,time,It is currently [time]
Tell me something about yourself.,smalltalk_self,None,tell about yourself,I’m an AI assistant here to help you with anything you need
Where can I find the nearest hospital?,directions_request,hospital,find nearest hospital,I recommend using a map app to find the closest hospital
How old is the Earth?,general_knowledge,Earth,how old earth,The Earth is about 4.5 billion years old
Can you sing?,request_music,None,can you sing,I can’t sing but I can help you find music
What do you like to do?,smalltalk_favorites,None,what do you like,I enjoy helping people with their questions and tasks
How is the weather?,weather,None,how weather,The weather today is [weather status]
What's your favorite movie?,smalltalk_favorites,movie,favorite movie,I don’t watch movies but I’ve heard Inception is a good one
Can you help me with my homework?,help_request_homework,homework,help homework,I’d be happy to help What subject are you working on
What's the square root of 144?,math_question,144,square root 144,The square root of 144 is 12
Do you have a hobby?,smalltalk_favorites,hobby,your hobby,Helping you is my hobby
What is the speed of sound?,general_knowledge,sound,speed of sound,The speed of sound is about 343 meters per second in air
Can you tell me a scary story?,request_story,scary,tell scary story,Once upon a time in a dark forest there was a mysterious figure that
Where do you live?,smalltalk_self,location,where do you live,I live in the cloud accessible from anywhere
How do you cook pasta?,help_request_cooking,pasta,cook pasta,Boil water add pasta and cook until tender then drain and serve
What's your favorite book?,smalltalk_favorites,book,favorite book,I think many people enjoy reading Harry Potter
Can you help me find a job?,help_request_job_search,job,help find job,I can offer tips and resources for job searching
What's 2 plus 2?,math_question,addition,2 plus 2,2 plus 2 is 4
How can I improve my memory?,help_request_memory,memory,improve memory,Practice regularly get enough sleep and eat healthy
What time does the sun set?,query_time_sunset,sunset,time sun set,The sun sets at [sunset time] today
Can you drive?,smalltalk_ability,drive,can you drive,I can’t drive but I can help you find directions
What's your favorite sport?,smalltalk_favorites,sport,favorite sport,I don’t play sports but football seems to be very popular
How tall are you?,smalltalk_self,height,how tall,I don’t have a physical form so I don’t have height
Can you help me plan a trip?,help_request_trip,trip,help plan trip,Of course where would you like to go
What is your favorite song?,smalltalk_favorites,song,favorite song,I don’t listen to music but I’ve heard Bohemian Rhapsody is a classic
Do you believe in ghosts?,smalltalk_belief,ghosts,believe ghosts,I don’t have beliefs but I know some people do
Can you solve a Rubik's cube?,smalltalk_ability,Rubik's cube,solve rubik's cube,I can guide you through the steps if you want
What's your favorite color?,smalltalk_favorites,color,favorite color,I don’t have a favorite color but I think blue is calming
Can you make me laugh?,request_joke,None,make me laugh,I’ll try How about a joke What do you call a fake noodle An impasta
What's your favorite animal?,smalltalk_favorites,animal,favorite animal,I think dolphins are pretty amazing
Can you tell me a fun fact?,fun_fact,None,tell fun fact,Did you know that octopuses have three hearts
Where is the nearest coffee shop?,directions_request,coffee shop,nearest coffee shop,I suggest using a map app to find the closest coffee shop
What's the capital of Japan?,general_knowledge,Japan,capital Japan,The capital of Japan is Tokyo
How do you feel?,smalltalk,None,how do you feel,I don’t have feelings but I’m here to help you
What is the largest ocean?,general_knowledge,ocean,largest ocean,The largest ocean is the Pacific Ocean
Do you like chocolate?,smalltalk_favorites,chocolate,like chocolate,I think chocolate is a popular treat
Can you do math?,smalltalk_ability,math,do math,I’m pretty good at math try asking me a question
What day is it?,query_day,None,what day,Today is [day]
What is your favorite TV show?,smalltalk_favorites,TV show,favorite TV show,I don’t watch TV but I’ve heard Friends is a classic
Can you help me with science?,help_request_study,science,help with science,Of course what topic are you studying
What is the smallest planet?,general_knowledge,planet,smallest planet,The smallest planet in our solar system is Mercury
Do you like summer or winter?,smalltalk_favorites,season,like summer or winter,I don’t experience seasons but I know each has its charm
Can you write a poem?,request_poem,None,write poem,Here’s a quick one Roses are red violets are blue I’m here to help you whenever you’re blue
What's your favorite holiday?,smalltalk_favorites,holiday,favorite holiday,I don’t take holidays but I know many people enjoy Christmas
Can you solve this puzzle?,request_puzzle,None,solve puzzle,I can try Show me the puzzle
How can I stay healthy?,help_request_health,health,stay healthy,Exercise regularly eat a balanced diet and get plenty of sleep
Can you speak other languages?,language_ability,None,speak other languages,I can translate many languages what do you need
What's your favorite drink?,smalltalk_favorites,drink,favorite drink,I don’t drink but water is essential for life
How do you say goodbye in French?,translate_request,French,goodbye in French,Goodbye in French is Au revoir
Can you help me with my resume?,help_request_job,resume,help with resume,I can provide tips on how to improve your resume
What's your favorite season?,smalltalk_favorites,season,favorite season,I don’t experience seasons but many people love spring
Can you give me a compliment?,request_compliment,None,give compliment,You’re doing great Keep up the good work
What is the speed of light?,general_knowledge,speed of light,speed of light,The speed of light is about 299792 kilometers per second
Can you make a phone call?,call_request,None,make phone call,I can’t make calls but I can remind you to call someone
What's your favorite hobby?,smalltalk_favorites,hobby,favorite hobby,Helping you is my hobby
How do you say thank you in Spanish?,translate_request,Spanish,thank you in Spanish,Thank you in Spanish is Gracias
What is your favorite food?,smalltalk_favorites,food,favorite food,I don’t eat but I hear pizza is quite popular
Can you play a song?,request_music,None,play song,I can’t play music but I can suggest some great songs
How old is the universe?,general_knowledge,universe,how old universe,The universe is estimated to be around 13.8 billion years old
Can you tell me a joke?,request_joke,None,tell joke,Sure Why did the scarecrow win an award Because he was outstanding in his field
What is the meaning of life?,philosophy,None,meaning of life,That’s a big question What do you think it is
How do you say hello in Japanese?,translate_request,Japanese,hello in Japanese,Hello in Japanese is Konnichiwa
Can you teach me something new?,help_request_teach,None,teach something new,I’d love to What would you like to learn about
What’s the tallest building in the world?,general_knowledge,building,tallest building,The tallest building in the world is the Burj Khalifa in Dubai
Can you recommend a good book?,recommendation,book,recommend good book,How about reading The Great Gatsby by F Scott Fitzgerald
What is the meaning of your name?,smalltalk_self,meaning,name meaning,My name reflects my purpose which is to assist you
How do I solve this math problem?,math_request,problem,solve math problem,Please share the problem you’re working on and I’ll help you solve it
Do you have a favorite place?,smalltalk_favorites,place,favorite place,I don’t have a physical location but I think the beach sounds nice
Can you dance?,smalltalk_ability,dance,can you dance,I can’t dance but I can find you some great dance music
What’s your favorite thing to do?,smalltalk_favorites,activity,favorite thing to do,Helping you is my favorite thing to do
How do you say good night in French?,translate_request,French,good night in French,Good night in French is Bonne nuit
Can you help me with a project?,help_request_project,project,help with project,Of course What’s the project about
What’s the distance to the sun?,general_knowledge,sun,distance to sun,The distance to the sun is about 93 million miles or 150 million kilometers
What’s your favorite ice cream flavor?,smalltalk_favorites,ice cream,favorite ice cream flavor,I don’t eat but many people love vanilla
Can you tell me a riddle?,request_riddle,None,tell riddle,Sure What has to be broken before you can use it An egg
How do you say I love you in Spanish?,translate_request,Spanish,I love you in Spanish,I love you in Spanish is Te quiero
What’s your favorite app?,smalltalk_favorites,app,favorite app,I don’t use apps but many people love social media apps
Can you help me with English?,help_request_study,English,help with English,I’d be happy to What are you studying in English
What’s your favorite website?,smalltalk_favorites,website,favorite website,I don’t browse the web but I know many people enjoy using Google
Can you help me with a problem?,help_request_problem,None,help with problem,Of course What problem do you need help with
How do I get to the nearest park?,directions_request,park,get to nearest park,I recommend using a map app to find the nearest park
Can you recommend a podcast?,recommendation_podcast,None,recommend podcast,How about listening to TED Talks Daily
What's your favorite word?,smalltalk_favorites,word,favorite word,I think kindness is a beautiful word
Can you remind me to take a break?,set_reminder,break,remind to take break,I’ll remind you to take a break in [time]
What is the biggest country in the world?,general_knowledge,country,biggest country,The biggest country in the world by land area is Russia
How do you say please in French?,translate_request,French,please in French,Please in French is S’il vous plaît
What is the best way to learn?,help_request_learning,learning,best way to learn,Practice consistently ask questions and review your progress
Can you help me with my schedule?,help_request_schedule,schedule,help with schedule,I’d be happy to What do you need to schedule
What’s your favorite number?,smalltalk_favorites,number,favorite number,I don’t have a favorite number but many people like 7
Can you do a magic trick?,smalltalk_ability,magic,do magic trick,I can’t do magic but I can amaze you with some facts
How do you say friend in French?,translate_request,French,friend in French,Friend in French is Ami
Can you give me advice?,help_request_advice,None,give advice,Sure What do you need advice on
What’s the capital of India?,general_knowledge,India,capital India,The capital of India is New Delhi
Can you play chess?,smalltalk_ability,chess,play chess,I can’t play chess but I can help you learn it
How do you say goodbye in Spanish?,translate_request,Spanish,goodbye in Spanish,Goodbye in Spanish is Adiós
What’s the population of the world?,general_knowledge,population,population of world,The world population is over 7.9 billion people
Can you solve this equation?,math_request,equation,solve equation,Sure Please tell me the equation you need help with
What’s your favorite season?,smalltalk_favorites,season,favorite season,I don’t experience seasons but many people enjoy autumn
How do I get to the airport?,directions_request,airport,get to airport,I recommend using a map app to find the best route to the airport
Can you tell me a secret?,smalltalk,None,tell secret,I’m great at keeping secrets but I don’t have any of my own
How do you say happy in German?,translate_request,German,happy in German,Happy in German is Glücklich
What’s the largest country by population?,general_knowledge,country,largest country by population,China has the largest population in the world
Can you help me with a riddle?,help_request_riddle,None,help with riddle,I’d love to What’s the riddle
What’s your favorite place to visit?,smalltalk_favorites,place,favorite place to visit,I don’t travel but I’ve heard Paris is lovely
How do you say good morning in Spanish?,translate_request,Spanish,good morning in Spanish,Good morning in Spanish is Buenos días
What’s the tallest mountain?,general_knowledge,mountain,tallest mountain,The tallest mountain in the world is Mount Everest
Can you help me study for a test?,help_request_study,test,help study for test,Of course What subject is the test on
How do you say love in Italian?,translate_request,Italian,love in Italian,Love in Italian is Amore
What’s the largest desert?,general_knowledge,desert,largest desert,The largest desert is the Antarctic Desert
Can you help me find a recipe?,help_request_recipe,recipe,help find recipe,I’d be happy to What would you like to cook
How do you say cat in Spanish?,translate_request,Spanish,cat in Spanish,Cat in Spanish is Gato
What’s your favorite song?,smalltalk_favorites,song,favorite song,I don’t listen to music but many people love Imagine by John Lennon
How do you say thank you in German?,translate_request,German,thank you in German,Thank you in German is Danke
What’s the deepest ocean?,general_knowledge,ocean,deepest ocean,The deepest ocean is the Pacific Ocean
Can you help me with a science project?,help_request_project,science,help with science project,I’d love to help What’s the project about
What’s the fastest land animal?,general_knowledge,animal,fastest land animal,The fastest land animal is the cheetah
How do you say yes in French?,translate_request,French,yes in French,Yes in French is Oui
Can you help me plan a party?,help_request_party,party,help plan party,Of course What kind of party are you planning
What’s the capital of Canada?,general_knowledge,Canada,capital Canada,The capital of Canada is Ottawa
Can you speak Spanish?,language_ability,Spanish,speak Spanish,I can help you with translations in Spanish
How do you say dog in French?,translate_request,French,dog in French,Dog in French is Chien
What’s the smallest country?,general_knowledge,country,smallest country,The smallest country by area is Vatican City
Can you recommend a movie?,recommendation,movie,recommend movie,How about watching The Shawshank Redemption
How do you say hello in German?,translate_request,German,hello in German,Hello in German is Hallo
What’s the longest river?,general_knowledge,river,longest river,The longest river in the world is the Nile
Can you help me with my essay?,help_request_study,essay,help with essay,I’d be happy to What is your essay about
What’s your favorite quote?,smalltalk_favorites,quote,favorite quote,I think the quote “Stay positive work hard and make it happen” is very inspiring
How do you say please in Spanish?,translate_request,Spanish,please in Spanish,Please in Spanish is Por favor
What’s the most popular sport?,general_knowledge,sport,most popular sport,The most popular sport in the world is soccer
Can you help me make a decision?,help_request_decision,decision,help make decision,Sure I can help What do you need to decide
How do you say yes in Spanish?,translate_request,Spanish,yes in Spanish,Yes in Spanish is Sí
What’s the largest planet?,general_knowledge,planet,largest planet,The largest planet in our solar system is Jupiter
Can you help me organize my day?,help_request_schedule,day,help organize day,Of course What tasks do you need to organize
How do you say water in French?,translate_request,French,water in French,Water in French is Eau
What’s the smallest continent?,general_knowledge,continent,smallest continent,The smallest continent by land area is Australia
Can you tell me a story?,request_story,None,tell story,Once upon a time there was a magical kingdom
How do you say I love you in French?,translate_request,French,I love you in French,I love you in French is Je t’aime
What’s the tallest tree?,general_knowledge,tree,tallest tree,The tallest tree in the world is a coast redwood named Hyperion
Can you help me write a poem?,help_request_poetry,poem,help write poem,I’d love to help What’s the theme of your poem
How do you say goodbye in Italian?,translate_request,Italian,goodbye in Italian,Goodbye in Italian is Arrivederci
What’s the largest mammal?,general_knowledge,mammal,largest mammal,The largest mammal is the blue whale
Can you help me practice a speech?,help_request_speech,speech,help practice speech,I’d be happy to help What is your speech about
How do you say happy birthday in Spanish?,translate_request,Spanish,happy birthday in Spanish,Happy birthday in Spanish is Feliz cumpleaños
What’s the most visited city?,general_knowledge,city,most visited city,The most visited city in the world is Bangkok
Can you help me with my CV?,help_request_job,CV,help with CV,I’d be happy to What job are you applying for
How do you say mother in French?,translate_request,French,mother in French,Mother in French is Mère
What’s the hottest planet?,general_knowledge,planet,hottest planet,The hottest planet in our solar system is Venus
Can you recommend a restaurant?,recommendation,restaurant,recommend restaurant,How about trying an Italian restaurant nearby
How do you say good night in Spanish?,translate_request,Spanish,good night in Spanish,Good night in Spanish is Buenas noches
What’s the most expensive city to live in?,general_knowledge,city,most expensive city to live in,Hong Kong is often ranked as one of the most expensive cities to live in
Can you help me with a speech?,help_request_speech,speech,help with speech,I’d love to help What’s the topic of your speech
How do you say sister in Spanish?,translate_request,Spanish,sister in Spanish,Sister in Spanish is Hermana
What’s the largest volcano?,general_knowledge,volcano,largest volcano,The largest volcano on Earth is Mauna Loa in Hawaii
Can you help me with directions?,directions_request,None,help with directions,Of course Where do you need to go
How do you say teacher in French?,translate_request,French,teacher in French,Teacher in French is Professeur
What’s the most common language?,general_knowledge,language,most common language,The most common language spoken in the world is English
Can you help me plan a vacation?,help_request_trip,vacation,help plan vacation,Of course Where would you like to go
How do you say breakfast in Spanish?,translate_request,Spanish,breakfast in Spanish,Breakfast in Spanish is Desayuno
What’s the coldest place on Earth?,general_knowledge,place,coldest place on Earth,The coldest place on Earth is Antarctica
Can you recommend a TV show?,recommendation,TV show,recommend TV show,How about watching Stranger Things
How do you say chocolate in French?,translate_request,French,chocolate in French,Chocolate in French is Chocolat
What’s the most populated city?,general_knowledge,city,most populated city,The most populated city in the world is Tokyo
Can you help me find a book?,help_request_book,book,help find book,Of course What type of book are you looking for
How do you say father in Spanish?,translate_request,Spanish,father in Spanish,Father in Spanish is Padre
What’s the oldest city?,general_knowledge,city,oldest city,The oldest continuously inhabited city is Damascus in Syria
Can you help me write an email?,help_request_email,email,help write email,I’d love to help What’s the email about
How do you say love in French?,translate_request,French,love in French,Love in French is Amour
What’s the smallest ocean?,general_knowledge,ocean,smallest ocean,The smallest ocean is the Arctic Ocean
Can you help me with my homework?,help_request_study,homework,help with homework,Of course What subject is your homework in
How do you say car in Spanish?,translate_request,Spanish,car in Spanish,Car in Spanish is Coche
What’s the largest forest?,general_knowledge,forest,largest forest,The largest forest in the world is the Amazon Rainforest
Can you help me with a project?,help_request_project,None,help with project,I’d be happy to What’s the project about
How do you say brother in French?,translate_request,French,brother in French,Brother in French is Frère
What’s the tallest building?,general_knowledge,building,tallest building,The tallest building in the world is the Burj Khalifa in Dubai
Can you help me find a podcast?,help_request_podcast,podcast,help find podcast,Of course What kind of podcast are you interested in
How do you say friend in Spanish?,translate_request,Spanish,friend in Spanish,Friend in Spanish is Amigo
What’s the most expensive painting?,general_knowledge,painting,most expensive painting,The most expensive painting ever sold is Leonardo da Vinci’s Salvator Mundi
Can you help me learn a language?,help_request_learning,language,help learn language,I’d love to help What language are you learning
How do you say school in French?,translate_request,French,school in French,School in French is École
What’s the largest lake?,general_knowledge,lake,largest lake,The largest lake by surface area is the Caspian Sea
Can you help me choose a gift?,help_request_gift,gift,help choose gift,Of course Who is the gift for
How do you say water in Spanish?,translate_request,Spanish,water in Spanish,Water in Spanish is Agua
What’s the brightest star?,general_knowledge,star,brightest star,The brightest star in the night sky is Sirius
Can you help me write a letter?,help_request_letter,letter,help write letter,I’d be happy to help What’s the letter about
How do you say music in Spanish?,translate_request,Spanish,music in Spanish,Music in Spanish is Música
What’s the highest mountain in Africa?,general_knowledge,mountain,highest mountain in Africa,The highest mountain in Africa is Mount Kilimanjaro
Can you recommend a book?,recommendation,book,recommend book,How about reading To Kill a Mockingbird by Harper Lee
How do you say good afternoon in French?,translate_request,French,good afternoon in French,Good afternoon in French is Bon après-midi
What’s the biggest ocean?,general_knowledge,ocean,biggest ocean,The biggest ocean is the Pacific Ocean
Can you help me with a math problem?,help_request_math,math,help with math problem,I’d love to help What’s the problem you’re working on
How do you say sun in Spanish?,translate_request,Spanish,sun in Spanish,Sun in Spanish is Sol
What’s the most spoken language?,general_knowledge,language,most spoken language,The most spoken language in the world is English
Can you help me choose an outfit?,help_request_fashion,outfit,help choose outfit,Of course What’s the occasion
How do you say good night in French?,translate_request,French,good night in French,Good night in French is Bonne nuit
What’s the longest bridge?,general_knowledge,bridge,longest bridge,The longest bridge in the world is the Danyang-Kunshan Grand Bridge in China
Can you help me find a song?,help_request_music,song,help find song,Of course Do you remember any lyrics from the song
How do you say ocean in Spanish?,translate_request,Spanish,ocean in Spanish,Ocean in Spanish is Océano
What’s the largest river?,general_knowledge,river,largest river,The largest river by volume is the Amazon River
Can you help me with a budget?,help_request_finance,budget,help with budget,Of course What do you need help with in your budget
How do you say happy in Spanish?,translate_request,Spanish,happy in Spanish,Happy in Spanish is Feliz
What’s the largest animal in the ocean?,general_knowledge,animal,largest animal in ocean,The largest animal in the ocean is the blue whale
Can you help me find a TV show?,help_request_tv_show,TV show,help find TV show,Of course What genre are you interested in
How do you say thank you in French?,translate_request,French,thank you in French,Thank you in French is Merci
What’s the tallest waterfall?,general_knowledge,waterfall,tallest waterfall,The tallest waterfall in the world is Angel Falls in Venezuela
Can you help me make a plan?,help_request_plan,plan,help make plan,Of course What are you planning for
How do you say city in Spanish?,translate_request,Spanish,city in Spanish,City in Spanish is Ciudad
What’s the biggest star?,general_knowledge,star,biggest star,The biggest star known is UY Scuti
Can you help me with history?,help_request_study,history,help with history,I’d love to help What period in history are you studying
How do you say world in French?,translate_request,French,world in French,World in French is Monde
What’s the oldest language?,general_knowledge,language,oldest language,One of the oldest languages still spoken today is Tamil
Can you help me pick a movie?,help_request_movie,movie,help pick movie,Of course What type of movie do you feel like watching
How do you say book in Spanish?,translate_request,Spanish,book in Spanish,Book in Spanish is Libro
What’s the biggest desert?,general_knowledge,desert,biggest desert,The biggest desert is the Antarctic Desert
Can you help me with a presentation?,help_request_presentation,presentation,help with presentation,I’d love to help What’s your presentation about
How do you say moon in French?,translate_request,French,moon in French,Moon in French is Lune
What’s the longest word in English?,general_knowledge,word,longest word in English,The longest word in English is Pneumonoultramicroscopicsilicovolcanoconiosis
Can you help me find a documentary?,help_request_documentary,documentary,help find documentary,Of course What topic are you interested in
How do you say beach in Spanish?,translate_request,Spanish,beach in Spanish,Beach in Spanish is Playa
What’s the largest bird?,general_knowledge,bird,largest bird,The largest bird in the world is the ostrich
Can you help me with a project plan?,help_request_project,project,help with project plan,Of course What’s the project about
How do you say family in French?,translate_request,French,family in French,Family in French is Famille
What’s the highest waterfall?,general_knowledge,waterfall,highest waterfall,The highest waterfall is Angel Falls in Venezuela
Can you help me choose a gift?,help_request_gift,gift,help choose gift,Of course Who is the gift for
How do you say beautiful in Spanish?,translate_request,Spanish,beautiful in Spanish,Beautiful in Spanish is Hermoso
What’s the fastest bird?,general_knowledge,bird,fastest bird,The fastest bird in level flight is the common swift
Can you help me with an email?,help_request_email,email,help with email,Of course What do you need help with
How do you say good morning in German?,translate_request,German,good morning in German,Good morning in German is Guten Morgen
What’s the largest island?,general_knowledge,island,largest island,The largest island in the world is Greenland
Can you help me with a decision?,help_request_decision,decision,help with decision,Of course What are you deciding on
How do you say friend in German?,translate_request,German,friend in German,Friend in German is Freund
What’s the hottest desert?,general_knowledge,desert,hottest desert,The hottest desert is the Lut Desert in Iran
Can you help me pick a restaurant?,help_request_restaurant,restaurant,help pick restaurant,Of course What kind of food do you feel like eating
How do you say love in German?,translate_request,German,love in German,Love in German is Liebe
What’s the longest road?,general_knowledge,road,longest road,The longest road in the world is the Pan-American Highway
Can you help me with a timetable?,help_request_schedule,timetable,help with timetable,Of course What do you need to organize
How do you say teacher in Spanish?,translate_request,Spanish,teacher in Spanish,Teacher in Spanish is Maestro
What’s the highest building?,general_knowledge,building,highest building,The highest building in the world is the Burj Khalifa in Dubai
Can you help me choose a name?,help_request_name,name,help choose name,Of course What are you naming
How do you say brother in Spanish?,translate_request,Spanish,brother in Spanish,Brother in Spanish is Hermano
What’s the oldest tree?,general_knowledge,tree,oldest tree,The oldest tree is a Great Basin bristlecone pine named Methuselah
Can you help me find a podcast?,help_request_podcast,podcast,help find podcast,Of course What topic are you interested in
How do you say hello in Italian?,translate_request,Italian,hello in Italian,Hello in Italian is Ciao
What’s the most expensive painting?,general_knowledge,painting,most expensive painting,The most expensive painting ever sold is Leonardo da Vinci’s Salvator Mundi
Can you help me with a project?,help_request_project,None,help with project,I’d love to help What’s the project about
How do you say good evening in French?,translate_request,French,good evening in French,Good evening in French is Bonsoir
What’s the largest flower?,general_knowledge,flower,largest flower,The largest flower in the world is the Rafflesia arnoldii
Can you help me organize my week?,help_request_schedule,week,help organize week,Of course What do you need help organizing
How do you say chocolate in Spanish?,translate_request,Spanish,chocolate in Spanish,Chocolate in Spanish is Chocolate
What’s the fastest car?,general_knowledge,car,fastest car,The fastest car in the world is the Bugatti Chiron Super Sport 300+
Can you help me with a workout plan?,help_request_fitness,workout,help with workout plan,Of course What are your fitness goals
How do you say dog in German?,translate_request,German,dog in German,Dog in German is Hund
What’s the largest mammal?,general_knowledge,mammal,largest mammal,The largest mammal is the blue whale
Can you help me find a gift?,help_request_gift,gift,help find gift,Of course Who is the gift for
How do you say summer in French?,translate_request,French,summer in French,Summer in French is Été
What’s the longest river in Africa?,general_knowledge,river,longest river in Africa,The longest river in Africa is the Nile
Can you help me choose a book?,help_request_book,book,help choose book,Of course What genre are you interested in
How do you say goodbye in German?,translate_request,German,goodbye in German,Goodbye in German is Auf Wiedersehen
What’s the most valuable company?,general_knowledge,company,most valuable company,As of now the most valuable company in the world is Apple
Can you help me with my essay?,help_request_essay,essay,help with essay,Of course What’s your essay about
How do you say good night in German?,translate_request,German,good night in German,Good night in German is Gute Nacht
What’s the most populated city?,general_knowledge,city,most populated city,The most populated city in the world is Tokyo
Can you help me find a video?,help_request_video,video,help find video,Of course What’s the video about
How do you say computer in Spanish?,translate_request,Spanish,computer in Spanish,Computer in Spanish is Computadora
What’s the most dangerous animal?,general_knowledge,animal,most dangerous animal,The most dangerous animal to humans is the mosquito
Can you help me create a schedule?,help_request_schedule,schedule,help create schedule,Of course What do you need to schedule
How do you say apple in French?,translate_request,French,apple in French,Apple in French is Pomme
What’s the largest island in the world?,general_knowledge,island,largest island in world,The largest island in the world is Greenland
Can you help me write a story?,help_request_story,story,help write story,Of course What’s your story about
How do you say happy birthday in German?,translate_request,German,happy birthday in German,Happy birthday in German is Alles Gute zum Geburtstag
What’s the longest mountain range?,general_knowledge,mountain,longest mountain range,The longest mountain range in the world is the Andes
Can you help me with directions?,help_request_directions,directions,help with directions,Of course Where are you trying to go
How do you say teacher in German?,translate_request,German,teacher in German,Teacher in German is Lehrer
What’s the most popular sport?,general_knowledge,sport,most popular sport,The most popular sport in the world is soccer
Can you help me with my resume?,help_request_resume,resume,help with resume,Of course What’s your resume for
How do you say yes in Spanish?,translate_request,Spanish,yes in Spanish,Yes in Spanish is Sí
What’s the fastest land animal?,general_knowledge,animal,fastest land animal,The fastest land animal is the cheetah
Can you help me find a new hobby?,help_request_hobby,hobby,help find hobby,Of course What are you interested in
How do you say mother in French?,translate_request,French,mother in French,Mother in French is Mère
What’s the largest planet?,general_knowledge,planet,largest planet,The largest planet in our solar system is Jupiter
Can you help me with a budget?,help_request_finance,budget,help with budget,Of course What do you need help with in your budget
How do you say good afternoon in German?,translate_request,German,good afternoon in German,Good afternoon in German is Guten Nachmittag
What’s the oldest building?,general_knowledge,building,oldest building,The oldest building is the Megalithic Temples of Malta
Can you help me pick a movie?,help_request_movie,movie,help pick movie,Of course What type of movie do you feel like watching
How do you say horse in Spanish?,translate_request,Spanish,horse in Spanish,Horse in Spanish is Caballo
What’s the longest river?,general_knowledge,river,longest river,The longest river in the world is the Nile River
Can you help me with an assignment?,help_request_assignment,assignment,help with assignment,Of course What’s your assignment about
How do you say cat in French?,translate_request,French,cat in French,Cat in French is Chat
What’s the most famous painting?,general_knowledge,painting,most famous painting,The most famous painting in the world is the Mona Lisa by Leonardo da Vinci
Can you help me find a book?,help_request_book,book,help find book,Of course What genre are you interested in
How do you say no in German?,translate_request,German,no in German,No in German is Nein
What’s the smallest country?,general_knowledge,country,smallest country,The smallest country in the world is Vatican City
Can you help me find a restaurant?,help_request_restaurant,restaurant,help find restaurant,Of course What type of cuisine are you looking for
How do you say water in Spanish?,translate_request,Spanish,water in Spanish,Water in Spanish is Agua
What’s the highest mountain?,general_knowledge,mountain,highest mountain,The highest mountain in the world is Mount Everest
Can you help me with a school project?,help_request_project,school project,help with school project,Of course What’s the project about
How do you say good morning in Spanish?,translate_request,Spanish,good morning in Spanish,Good morning in Spanish is Buenos días
What’s the largest city?,general_knowledge,city,largest city,The largest city in the world by population is Tokyo
Can you help me choose a vacation spot?,help_request_vacation,vacation,help choose vacation spot,Of course What kind of vacation are you looking for
How do you say please in French?,translate_request,French,please in French,Please in French is S'il vous plaît
What’s the smallest planet?,general_knowledge,planet,smallest planet,The smallest planet in our solar system is Mercury
Can you help me with a recipe?,help_request_recipe,recipe,help with recipe,Of course What would you like to cook
How do you say house in German?,translate_request,German,house in German,House in German is Haus
What’s the coldest place on Earth?,general_knowledge,place,coldest place on Earth,The coldest place on Earth is Antarctica
Can you help me organize my day?,help_request_schedule,day,help organize day,Of course What do you need help with
How do you say car in Spanish?,translate_request,Spanish,car in Spanish,Car in Spanish is Coche
What’s the tallest tree?,general_knowledge,tree,tallest tree,The tallest tree in the world is a coast redwood named Hyperion
Can you help me plan a trip?,help_request_trip,trip,help plan trip,Of course Where are you planning to go
How do you say father in French?,translate_request,French,father in French,Father in French is Père
What’s the most spoken language in the world?,general_knowledge,language,most spoken language world,The most spoken language in the world is English
Can you help me with a quiz?,help_request_quiz,quiz,help with quiz,Of course What’s the quiz about
How do you say bicycle in Spanish?,translate_request,Spanish,bicycle in Spanish,Bicycle in Spanish is Bicicleta
What’s the deepest ocean?,general_knowledge,ocean,deepest ocean,The deepest ocean in the world is the Pacific Ocean
Can you help me with my homework?,help_request_homework,homework,help with homework,Of course What subject do you need help with
How do you say good luck in French?,translate_request,French,good luck in French,Good luck in French is Bonne chance
What’s the biggest country by area?,general_knowledge,country,biggest country by area,The biggest country by area is Russia
Can you help me choose a movie?,help_request_movie,movie,help choose movie,Of course What genre are you in the mood for
How do you say library in Spanish?,translate_request,Spanish,library in Spanish,Library in Spanish is Biblioteca
What’s the oldest city?,general_knowledge,city,oldest city,The oldest continuously inhabited city is Damascus in Syria
Can you help me pick a gift?,help_request_gift,gift,help pick gift,Of course Who is the gift for
How do you say friend in Spanish?,translate_request,Spanish,friend in Spanish,Friend in Spanish is Amigo
What’s the most visited city?,general_knowledge,city,most visited city,The most visited city in the world is Bangkok
Can you help me with my schedule?,help_request_schedule,schedule,help with schedule,Of course What do you need help organizing
How do you say teacher in French?,translate_request,French,teacher in French,Teacher in French is Professeur
What’s the biggest island?,general_knowledge,island,biggest island,The biggest island in the world is Greenland
Can you help me with a resume?,help_request_resume,resume,help with resume,Of course What job are you applying for
How do you say bathroom in Spanish?,translate_request,Spanish,bathroom in Spanish,Bathroom in Spanish is Baño
What’s the largest mammal?,general_knowledge,mammal,largest mammal,The largest mammal is the blue whale
Can you help me find a good podcast?,help_request_podcast,podcast,help find good podcast,Of course What topic interests you
How do you say food in French?,translate_request,French,food in French,Food in French is Nourriture
What’s the tallest building in the world?,general_knowledge,building,tallest building world,The tallest building in the world is the Burj Khalifa
Can you help me plan a party?,help_request_party,party,help plan party,Of course What kind of party are you planning
How do you say night in Spanish?,translate_request,Spanish,night in Spanish,Night in Spanish is Noche
What’s the oldest book?,general_knowledge,book,oldest book,One of the oldest known books is The Epic of Gilgamesh
Can you help me with my essay?,help_request_essay,essay,help with essay,Of course What’s your essay topic
How do you say train in French?,translate_request,French,train in French,Train in French is Train
What’s the largest continent?,general_knowledge,continent,largest continent,The largest continent by area is Asia
Can you help me choose a movie to watch?,help_request_movie,movie,help choose movie watch,Of course What type of movie are you interested in
How do you say computer in French?,translate_request,French,computer in French,Computer in French is Ordinateur
What’s the deepest lake?,general_knowledge,lake,deepest lake,The deepest lake in the world is Lake Baikal in Russia
Can you help me write an email?,help_request_email,email,help write email,Of course What do you need to say in your email
How do you say dog in French?,translate_request,French,dog in French,Dog in French is Chien
What’s the most expensive car?,general_knowledge,car,most expensive car,The most expensive car ever sold is a 1962 Ferrari 250 GTO
Can you help me organize my notes?,help_request_notes,notes,help organize notes,Of course How would you like to organize them
How do you say brother in French?,translate_request,French,brother in French,Brother in French is Frère
What’s the largest ocean?,general_knowledge,ocean,largest ocean,The largest ocean in the world is the Pacific Ocean
Can you help me pick a restaurant?,help_request_restaurant,restaurant,help pick restaurant,Of course What type of food are you craving
How do you say love in Spanish?,translate_request,Spanish,love in Spanish,Love in Spanish is Amor
What’s the smallest continent?,general_knowledge,continent,smallest continent,The smallest continent by area is Australia
Can you help me write a story?,help_request_story,story,help write story,Of course What’s your story about
How do you say happy in French?,translate_request,French,happy in French,Happy in French is Heureux
What’s the longest river in the world?,general_knowledge,river,longest river world,The longest river in the world is the Nile River
Can you help me with a project?,help_request_project,project,help with project,Of course What’s your project about
How do you say cat in Spanish?,translate_request,Spanish,cat in Spanish,Cat in Spanish is Gato
What’s the most expensive painting?,general_knowledge,painting,most expensive painting,The most expensive painting ever sold is Leonardo da Vinci’s Salvator Mundi
Can you help me with my schedule?,help_request_schedule,schedule,help with schedule,Of course What do you need help organizing
How do you say table in French?,translate_request,French,table in French,Table in French is Table
What’s the highest mountain in the world?,general_knowledge,mountain,highest mountain world,The highest mountain in the world is Mount Everest
Can you help me pick a vacation spot?,help_request_vacation,vacation,help pick vacation spot,Of course What kind of vacation are you looking for
How do you say car in French?,translate_request,French,car in French,Car in French is Voiture
What’s the hottest planet?,general_knowledge,planet,hottest planet,The hottest planet in our solar system is Venus
Can you help me plan a trip?,help_request_trip,trip,help plan trip,Of course Where would you like to go
How do you say sun in French?,translate_request,French,sun in French,Sun in French is Soleil
What’s the longest word?,general_knowledge,word,longest word,The longest word in the English language is Pneumonoultramicroscopicsilicovolcanoconiosis
Can you help me write a letter?,help_request_letter,letter,help write letter,Of course What’s the letter about
How do you say goodbye in French?,translate_request,French,goodbye in French,Goodbye in French is Au revoir
What’s the coldest planet?,general_knowledge,planet,coldest planet,The coldest planet in our solar system is Neptune
Can you help me with my resume?,help_request_resume,resume,help with resume,Of course What job are you applying for
How do you say hello in German?,translate_request,German,hello in German,Hello in German is Hallo
What’s the most dangerous place to live?,general_knowledge,place,most dangerous place,The most dangerous place to live due to natural disasters is the Pacific Ring of Fire
Can you help me find a good book?,help_request_book,book,help find good book,Of course What genre are you interested in
How do you say help in French?,translate_request,French,help in French,Help in French is Aide
What’s the richest country?,general_knowledge,country,richest country,The richest country by GDP per capita is Luxembourg
Can you help me plan an event?,help_request_event,event,help plan event,Of course What kind of event are you planning
How do you say water in French?,translate_request,French,water in French,Water in French is Eau
What’s the tallest waterfall?,general_knowledge,waterfall,tallest waterfall,The tallest waterfall in the world is Angel Falls in Venezuela
Can you help me find a new hobby?,help_request_hobby,hobby,help find new hobby,Of course What are you interested in
How do you say bird in Spanish?,translate_request,Spanish,bird in Spanish,Bird in Spanish is Pájaro
What’s the oldest language?,general_knowledge,language,oldest language,The oldest known language is Sumerian
Can you help me with my assignment?,help_request_assignment,assignment,help with assignment,Of course What’s your assignment about
How do you say school in French?,translate_request,French,school in French,School in French is École
What’s the most popular name?,general_knowledge,name,most popular name,The most popular name in the world is Muhammad
Can you help me organize my notes?,help_request_notes,notes,help organize notes,Of course How would you like to organize them
How do you say coffee in Spanish?,translate_request,Spanish,coffee in Spanish,Coffee in Spanish is Café
What’s the largest desert?,general_knowledge,desert,largest desert,The largest desert in the world is the Antarctic Desert
Can you help me with a presentation?,help_request_presentation,presentation,help with presentation,Of course What’s the presentation about
Can you help me pick a TV show to watch?,help_request_tv_show,tv show,help pick tv show watch,Of course What genre do you prefer
How do you say door in Spanish?,translate_request,Spanish,door in Spanish,Door in Spanish is Puerta
What’s the most popular sport?,general_knowledge,sport,most popular sport,The most popular sport in the world is soccer
Can you help me with my travel plans?,help_request_travel,travel,help with travel plans,Of course Where are you planning to go
How do you say window in French?,translate_request,French,window in French,Window in French is Fenêtre
What’s the largest animal in the ocean?,general_knowledge,animal,largest animal ocean,The largest animal in the ocean is the blue whale
Can you help me choose a college?,help_request_college,college,help choose college,Of course What major are you interested in
How do you say sky in Spanish?,translate_request,Spanish,sky in Spanish,Sky in Spanish is Cielo
What’s the oldest university?,general_knowledge,university,oldest university,The oldest university in the world is the University of al-Qarawiyyin in Morocco
Can you help me pick out a new phone?,help_request_phone,phone,help pick new phone,Of course What features are you looking for
How do you say flower in French?,translate_request,French,flower in French,Flower in French is Fleur
What’s the longest bridge?,general_knowledge,bridge,longest bridge,The longest bridge in the world is the Danyang-Kunshan Grand Bridge in China
Can you help me create a study schedule?,help_request_study_schedule,study schedule,help create study schedule,Of course How many hours can you dedicate to studying each day
How do you say river in Spanish?,translate_request,Spanish,river in Spanish,River in Spanish is Río
What’s the oldest building?,general_knowledge,building,oldest building,One of the oldest buildings in the world is the Göbekli Tepe in Turkey
Can you help me plan a weekend getaway?,help_request_weekend_getaway,weekend getaway,help plan weekend getaway,Of course What kind of getaway are you thinking about
How do you say moon in French?,translate_request,French,moon in French,Moon in French is Lune
What’s the hottest desert?,general_knowledge,desert,hottest desert,The hottest desert in the world is the Lut Desert in Iran
Can you help me find a new book to read?,help_request_book,book,help find new book read,Of course What genre do you like
How do you say chair in Spanish?,translate_request,Spanish,chair in Spanish,Chair in Spanish is Silla
What’s the most common first name?,general_knowledge,name,most common first name,The most common first name in the world is Muhammad
Can you help me choose a laptop?,help_request_laptop,laptop,help choose laptop,Of course What will you primarily use the laptop for
How do you say ocean in French?,translate_request,French,ocean in French,Ocean in French is Océan
What’s the largest rainforest?,general_knowledge,rainforest,largest rainforest,The largest rainforest in the world is the Amazon Rainforest
Can you help me pick out a gift for a friend?,help_request_gift,gift,help pick gift for friend,Of course What are your friend’s interests
How do you say food in Spanish?,translate_request,Spanish,food in Spanish,Food in Spanish is Comida
What’s the oldest known civilization?,general_knowledge,civilization,oldest civilization,The oldest known civilization is the Sumerian civilization
Can you help me choose a career path?,help_request_career,career,help choose career path,Of course What are your skills and interests
How do you say mountain in French?,translate_request,French,mountain in French,Mountain in French is Montagne
What’s the most visited tourist attraction?,general_knowledge,tourist attraction,most visited tourist attraction,The most visited tourist attraction in the world is the Great Wall of China
Can you help me plan a budget?,help_request_budget,budget,help plan budget,Of course What’s your goal for the budget
How do you say road in Spanish?,translate_request,Spanish,road in Spanish,Road in Spanish is Carretera
What’s the largest volcano?,general_knowledge,volcano,largest volcano,The largest volcano in the world is Mauna Loa in Hawaii
Can you help me with a research paper?,help_request_research,research paper,help with research paper,Of course What’s your topic
How do you say city in French?,translate_request,French,city in French,City in French is Ville
What’s the fastest animal?,general_knowledge,animal,fastest animal,The fastest animal in the world is the peregrine falcon
Can you help me create a meal plan?,help_request_meal_plan,meal plan,help create meal plan,Of course What are your dietary preferences
How do you say airplane in Spanish?,translate_request,Spanish,airplane in Spanish,Airplane in Spanish is Avión
What’s the largest flower?,general_knowledge,flower,largest flower,The largest flower in the world is the Rafflesia arnoldii
Can you help me write a speech?,help_request_speech,speech,help write speech,Of course What’s the speech about
How do you say music in French?,translate_request,French,music in French,Music in French is Musique
What’s the most expensive city?,general_knowledge,city,most expensive city,The most expensive city to live in is Singapore
Can you help me plan a surprise party?,help_request_surprise_party,surprise party,help plan surprise party,Of course Who is the party for
How do you say tree in Spanish?,translate_request,Spanish,tree in Spanish,Tree in Spanish is Árbol
What’s the oldest tree?,general_knowledge,tree,oldest tree,The oldest tree in the world is a Great Basin bristlecone pine
Can you help me pick a restaurant for a date?,help_request_restaurant_date,restaurant,help pick restaurant for date,Of course What kind of atmosphere are you looking for
How do you say family in French?,translate_request,French,family in French,Family in French is Famille
What’s the most visited museum?,general_knowledge,museum,most visited museum,The most visited museum in the world is the Louvre in Paris
Can you help me create a shopping list?,help_request_shopping_list,shopping list,help create shopping list,Of course What do you need to buy
How do you say earth in Spanish?,translate_request,Spanish,earth in Spanish,Earth in Spanish is Tierra
What’s the largest island in the Caribbean?,general_knowledge,island,largest island Caribbean,The largest island in the Caribbean is Cuba
Can you help me with my CV?,help_request_cv,CV,help with CV,Of course What job are you applying for
How do you say computer in Spanish?,translate_request,Spanish,computer in Spanish,Computer in Spanish is Computadora
What’s the most common job?,general_knowledge,job,most common job,The most common job in the world is a retail salesperson
Can you help me choose a movie to stream?,help_request_movie,movie,help choose movie stream,Of course What genre are you interested in
How do you say street in French?,translate_request,French,street in French,Street in French is Rue
What’s the longest road?,general_knowledge,road,longest road,The longest road in the world is the Pan-American Highway
Can you help me write a business plan?,help_request_business_plan,business plan,help write business plan,Of course What’s your business idea
How do you say water in Italian?,translate_request,Italian,water in Italian,Water in Italian is Acqua
What’s the largest stadium?,general_knowledge,stadium,largest stadium,The largest stadium in the world is Rungrado 1st of May Stadium in North Korea
Can you help me find a job?,help_request_job,job,help find job,Of course What kind of job are you looking for
How do you say book in Spanish?,translate_request,Spanish,book in Spanish,Book in Spanish is Libro
What’s the most expensive food?,general_knowledge,food,most expensive food,The most expensive food in the world is white truffle
Can you help me create a to-do list?,help_request_todo_list,to-do list,help create to-do list,Of course What tasks do you need to accomplish
How do you say fish in French?,translate_request,French,fish in French,Fish in French is Poisson
What’s the largest lake in the world?,general_knowledge,lake,largest lake world,The largest lake in the world by area is the Caspian Sea
Can you help me choose a book to read?,help_request_book,book,help choose book read,Of course What type of books do you enjoy
How do you say pen in Spanish?,translate_request,Spanish,pen in Spanish,Pen in Spanish is Bolígrafo
What’s the oldest company?,general_knowledge,company,oldest company,The oldest company in the world is Kongo Gumi in Japan
Can you help me with a design project?,help_request_design,design project,help with design project,Of course What are you designing
How do you say movie in French?,translate_request,French,movie in French,Movie in French is Film
What’s the most powerful animal?,general_knowledge,animal,most powerful animal,The most powerful animal in the world is the dung beetle
Can you help me create a workout plan?,help_request_workout_plan,workout plan,help create workout plan,Of course What are your fitness goals
How do you say summer in Spanish?,translate_request,Spanish,summer in Spanish,Summer in Spanish is Verano
What’s the largest country by area?,general_knowledge,country,largest country area,The largest country by area is Russia
Can you help me write a book?,help_request_book_writing,book,help write book,Of course What’s your book about
How do you say dog in French?,translate_request,French,dog in French,Dog in French is Chien
What’s the smallest country by population?,general_knowledge,country,smallest country population,The smallest country by population is Vatican City
Can you help me choose a birthday gift?,help_request_birthday_gift,birthday gift,help choose birthday gift,Of course What does the person like
How do you say cat in Spanish?,translate_request,Spanish,cat in Spanish,Cat in Spanish is Gato
What’s the largest airport?,general_knowledge,airport,largest airport,The largest airport in the world by area is King Fahd International Airport in Saudi Arabia
Can you help me with my homework?,help_request_homework,homework,help with homework,Of course What subject is it
How do you say friend in French?,translate_request,French,friend in French,Friend in French is Ami
What’s the longest river?,general_knowledge,river,longest river,The longest river in the world is the Nile River
Can you help me write an essay?,help_request_essay,essay,help write essay,Of course What’s the essay topic
How do you say phone in Spanish?,translate_request,Spanish,phone in Spanish,Phone in Spanish is Teléfono
What’s the largest desert in Africa?,general_knowledge,desert,largest desert Africa,The largest desert in Africa is the Sahara Desert
Can you help me plan a road trip?,help_request_road_trip,road trip,help plan road trip,Of course Where are you planning to go
How do you say book in French?,translate_request,French,book in French,Book in French is Livre
What’s the smallest country by area?,general_knowledge,country,smallest country area,The smallest country by area is Vatican City
Can you help me write a letter?,help_request_letter,letter,help write letter,Of course What’s the letter about
How do you say car in Spanish?,translate_request,Spanish,car in Spanish,Car in Spanish is Coche
Can you help me choose a video game to play?,help_request_video_game,video game,help choose video game play,Of course What genre of games do you enjoy
How do you say flower in Spanish?,translate_request,Spanish,flower in Spanish,Flower in Spanish is Flor
What’s the highest mountain in the world?,general_knowledge,mountain,highest mountain world,The highest mountain in the world is Mount Everest
Can you help me plan a birthday party?,help_request_birthday_party,birthday party,help plan birthday party,Of course Who is the party for
How do you say apple in French?,translate_request,French,apple in French,Apple in French is Pomme
What is the longest movie ever made?,general_knowledge,movie,longest movie made,The longest movie ever made is Logistics which runs for 857 hours
Can you help me create a business presentation?,help_request_business_presentation,business presentation,help create business presentation,Of course What’s your presentation about
How do you say love in Spanish?,translate_request,Spanish,love in Spanish,Love in Spanish is Amor
What’s the largest ocean?,general_knowledge,ocean,largest ocean,The largest ocean in the world is the Pacific Ocean
Can you help me write a cover letter?,help_request_cover_letter,cover letter,help write cover letter,Of course What job are you applying for
How do you say teacher in French?,translate_request,French,teacher in French,Teacher in French is Professeur
What’s the smallest mammal?,general_knowledge,mammal,smallest mammal,The smallest mammal in the world is the bumblebee bat
Can you help me choose a gift for my mom?,help_request_mom_gift,gift,help choose gift for mom,Of course What does your mom like
How do you say music in Spanish?,translate_request,Spanish,music in Spanish,Music in Spanish is Música
What’s the most popular website?,general_knowledge,website,most popular website,The most popular website in the world is Google
Can you help me plan a holiday?,help_request_holiday,holiday,help plan holiday,Of course Where are you thinking of going
How do you say happy in French?,translate_request,French,happy in French,Happy in French is Heureux
What’s the largest city in the world?,general_knowledge,city,largest city world,The largest city in the world by population is Tokyo
Can you help me organize a charity event?,help_request_charity_event,charity event,help organize charity event,Of course What’s the charity for
How do you say heart in Spanish?,translate_request,Spanish,heart in Spanish,Heart in Spanish is Corazón
What’s the most common last name?,general_knowledge,last name,most common last name,The most common last name in the world is Wang
Can you help me create a project plan?,help_request_project_plan,project plan,help create project plan,Of course What’s the project about
How do you say sun in French?,translate_request,French,sun in French,Sun in French is Soleil
What’s the hottest planet?,general_knowledge,planet,hottest planet,The hottest planet in our solar system is Venus
Can you help me choose a vacation spot?,help_request_vacation_spot,vacation spot,help choose vacation spot,Of course What type of vacation are you looking for
How do you say tree in French?,translate_request,French,tree in French,Tree in French is Arbre
What’s the most endangered animal?,general_knowledge,animal,most endangered animal,The most endangered animal is the vaquita porpoise
Can you help me write a poem?,help_request_poem,poem,help write poem,Of course What’s the theme of the poem
How do you say moon in Spanish?,translate_request,Spanish,moon in Spanish,Moon in Spanish is Luna
What’s the largest continent?,general_knowledge,continent,largest continent,The largest continent in the world is Asia
Can you help me pick a name for my pet?,help_request_pet_name,pet name,help pick name for pet,Of course What kind of pet do you have
How do you say friend in Spanish?,translate_request,Spanish,friend in Spanish,Friend in Spanish is Amigo
What’s the tallest building?,general_knowledge,building,tallest building,The tallest building in the world is the Burj Khalifa in Dubai
Can you help me plan a romantic dinner?,help_request_romantic_dinner,romantic dinner,help plan romantic dinner,Of course What’s the occasion
How do you say car in French?,translate_request,French,car in French,Car in French is Voiture
What’s the most common birthday?,general_knowledge,birthday,most common birthday,The most common birthday in the world is September 9th
Can you help me choose a movie for family night?,help_request_movie_family,movie,help choose movie family night,Of course What type of movies does your family enjoy
How do you say star in Spanish?,translate_request,Spanish,star in Spanish,Star in Spanish is Estrella
What’s the coldest place on Earth?,general_knowledge,place,coldest place earth,The coldest place on Earth is Antarctica
Can you help me create a resume?,help_request_resume,resume,help create resume,Of course What job are you applying for
How do you say mother in French?,translate_request,French,mother in French,Mother in French is Mère
What’s the most popular holiday destination?,general_knowledge,holiday destination,most popular holiday destination,The most popular holiday destination is Paris France
Can you help me write a thank you note?,help_request_thank_you_note,thank you note,help write thank you note,Of course Who are you thanking
How do you say school in Spanish?,translate_request,Spanish,school in Spanish,School in Spanish is Escuela
What’s the smallest bird?,general_knowledge,bird,smallest bird,The smallest bird in the world is the bee hummingbird
Can you help me choose a major for college?,help_request_major,major,help choose major for college,Of course What subjects do you enjoy
How do you say good morning in French?,translate_request,French,good morning in French,Good morning in French is Bonjour
What’s the largest river in South America?,general_knowledge,river,largest river South America,The largest river in South America is the Amazon River
Can you help me plan a wedding?,help_request_wedding,wedding,help plan wedding,Of course What’s your theme for the wedding
How do you say beautiful in Spanish?,translate_request,Spanish,beautiful in Spanish,Beautiful in Spanish is Hermoso
What’s the most popular food?,general_knowledge,food,most popular food,The most popular food in the world is pizza
Can you help me create a study guide?,help_request_study_guide,study guide,help create study guide,Of course What subject is the guide for
How do you say book in German?,translate_request,German,book in German,Book in German is Buch
What’s the largest mammal?,general_knowledge,mammal,largest mammal,The largest mammal in the world is the blue whale
Can you help me choose a new hobby?,help_request_hobby,hobby,help choose new hobby,Of course What activities interest you
How do you say earth in French?,translate_request,French,earth in French,Earth in French is Terre
What’s the fastest car?,general_knowledge,car,fastest car,The fastest car in the world is the Bugatti Chiron Super Sport 300+
Can you help me plan a surprise?,help_request_surprise,surprise,help plan surprise,Of course What’s the occasion
How do you say happiness in Spanish?,translate_request,Spanish,happiness in Spanish,Happiness in Spanish is Felicidad
What’s the deepest ocean?,general_knowledge,ocean,deepest ocean,The deepest ocean in the world is the Pacific Ocean
Can you help me choose a pet?,help_request_pet,pet,help choose pet,Of course What type of animals do you like
How do you say night in French?,translate_request,French,night in French,Night in French is Nuit
What’s the oldest tree?,general_knowledge,tree,oldest tree,The oldest tree in the world is a Great Basin bristlecone pine
Can you help me create a workout routine?,help_request_workout_routine,workout routine,help create workout routine,Of course What are your fitness goals
How do you say ocean in Spanish?,translate_request,Spanish,ocean in Spanish,Ocean in Spanish is Océano
What’s the largest island?,general_knowledge,island,largest island,The largest island in the world is Greenland
Can you help me organize my day?,help_request_organize_day,organize day,help organize day,Of course What do you have planned for today
How do you say music in French?,translate_request,French,music in French,Music in French is Musique
What’s the most visited city?,general_knowledge,city,most visited city,The most visited city in the world is Bangkok
Can you help me choose a vacation destination?,help_request_vacation_destination,vacation destination,help choose vacation destination,Of course What are you looking for in a vacation
How do you say phone in French?,translate_request,French,phone in French,Phone in French is Téléphone
What’s the tallest tree?,general_knowledge,tree,tallest tree,The tallest tree in the world is a coast redwood named Hyperion
Can you help me create a meal plan?,help_request_meal_plan,meal plan,help create meal plan,Of course What are your dietary preferences
How do you say car in German?,translate_request,German,car in German,Car in German is Auto
What’s the longest bridge?,general_knowledge,bridge,longest bridge,The longest bridge in the world is the Danyang-Kunshan Grand Bridge in China
Can you help me choose a college?,help_request_college,college,help choose college,Of course What are you looking for in a college
How do you say star in French?,translate_request,French,star in French,Star in French is Étoile
What’s the coldest city?,general_knowledge,city,coldest city,The coldest city in the world is Yakutsk in Russia
Can you help me write a speech?,help_request_speech,speech,help write speech,Of course What’s the topic of the speech
How do you say dog in German?,translate_request,German,dog in German,Dog in German is Hund
What’s the most spoken language?,general_knowledge,language,most spoken language,The most spoken language in the world is English
Can you help me create a playlist?,help_request_playlist,playlist,help create playlist,Of course What genre of music do you enjoy
How do you say water in French?,translate_request,French,water in French,Water in French is Eau
What’s the most populated country?,general_knowledge,country,most populated country,The most populated country in the world is China
Can you help me plan a weekend getaway?,help_request_weekend_getaway,weekend getaway,help plan weekend getaway,Of course Where would you like to go
How do you say coffee in German?,translate_request,German,coffee in German,Coffee in German is Kaffee
What’s the most expensive city?,general_knowledge,city,most expensive city,The most expensive city in the world is Singapore
Can you help me create a travel itinerary?,help_request_travel_itinerary,travel itinerary,help create travel itinerary,Of course Where are you planning to go
